{
  "loss": 2.5552413257025965,
  "perplexity": 12.874406207785462,
  "token_accuracy": 0.23108332270001275,
  "sequence_accuracy": 0.0,
  "latent_stats": {
    "mu_mean": 0.00963758397847414,
    "mu_std": 0.4925641417503357,
    "var_mean": 0.7349812984466553,
    "mean_pairwise_distance": 15.847928047180176
  },
  "num_samples_evaluated": 127
}